id,external_id,title,url,tipologia
f792a0a4-01fe-402d-b70c-6ad525d9e41a,19205972,Apartamento T3+1 Duplex com Piscina Privativa | Serpa Pinto 59,https://www.imovirtual.com/pt/anuncio/apartamento-t3-1-duplex-com-piscina-privativa-serpa-pinto-59-ID1iAlK,null
290ec1e7-df20-4b29-bf23-4791e0fa9d66,19206112,T2 Monte da Virgem Flats,https://www.imovirtual.com/pt/anuncio/t2-monte-da-virgem-flats-ID1iAo0,null
35703a2a-6e0a-4488-9653-71be1dc9c3ff,19172414,Apartamento T1 Novo em Construção | Leiria,https://www.imovirtual.com/pt/anuncio/apartamento-t1-novo-em-construcao-leiria-ID1irCu,null
24a20d7f-8a0a-40ab-b20a-4dc48b01fa31,19206110,APARTAMENTO T2 NOVO EM MONCARAPACHO / OLHÃO C/ GARAGEM,https://www.imovirtual.com/pt/anuncio/apartamento-t2-novo-em-moncarapacho-olhao-c-garagem-ID1iAnY,null
e0ed3e34-49aa-4ab3-b04c-a62b3253a2fd,19206108,"Apartamento T2, Viso Sul, Viseu",https://www.imovirtual.com/pt/anuncio/apartamento-t2-viso-sul-viseu-ID1iAnV,null
7febac5b-55d2-4f30-9bda-3038b048c955,19206107,Apartamento T2 | Varanda | Condomínio Fechado | Piscina | Ginásio,https://www.imovirtual.com/pt/anuncio/apartamento-t2-varanda-condominio-fechado-piscina-ginasio-ID1iAnW,null
59447b40-3aa3-474b-9e70-a6f347046526,19206106,T2 Valadares Gaia | T2 Varanda e Garagem Crasto  | T2 Piscina Gaia,https://www.imovirtual.com/pt/anuncio/t2-valadares-gaia-t2-varanda-e-garagem-crasto-t2-piscina-gaia-ID1iAnU,null
d96e03b0-3481-4ad8-8c6c-32a7f37de26a,18797252,Apartamento T2 Novo em Construção | Leiria,https://www.imovirtual.com/pt/anuncio/apartamento-t2-novo-em-construcao-leiria-ID1gS1u,null
4e076117-5a6f-45e2-abeb-3f3dda24aea2,19206103,T1 C/ Terraço Monte da Virgem Flats,https://www.imovirtual.com/pt/anuncio/t1-c-terraco-monte-da-virgem-flats-ID1iAnR,null
47fc7ec4-4033-481f-8c6c-1b1c8267f40c,19206104,T2 Monte da Virgem Flats,https://www.imovirtual.com/pt/anuncio/t2-monte-da-virgem-flats-ID1iAnS,null
d9d7fdd1-2dc6-4e4f-9ddc-483361ccb61c,19206100,"Apartamento T6, Junto à Universidade, Covilhã",https://www.imovirtual.com/pt/anuncio/apartamento-t6-junto-a-universidade-covilha-ID1iAnO,null
89815da0-293c-4a07-9b18-17e91a8ab403,19206099,"Apartamento T2, Bairro da Balsa, Viseu",https://www.imovirtual.com/pt/anuncio/apartamento-t2-bairro-da-balsa-viseu-ID1iAnN,null
f658c3bd-3190-402a-ae31-26a592e9c256,19206097,T2 C/ Terraço Monte da Virgem Flats,https://www.imovirtual.com/pt/anuncio/t2-c-terraco-monte-da-virgem-flats-ID1iAnL,null
b7b8cf66-8447-447e-ad10-967ffdccad2b,19184617,Apartamento T2 novo com jardim,https://www.imovirtual.com/pt/anuncio/apartamento-t2-novo-com-jardim-ID1iuNj,null
8cf325e0-343b-43d9-90f2-5a304f20a0d0,19120759,Apartamento T3  no Coração de Penafiel – Conforto e Centralidade,https://www.imovirtual.com/pt/anuncio/apartamento-t3-no-coracao-de-penafiel-conforto-e-centralidade-ID1iebl,null
1dbfc8ae-133e-4b5e-8e11-a447cf63f625,19206096,T2 C/ Terraço Monte da Virgem Flats,https://www.imovirtual.com/pt/anuncio/t2-c-terraco-monte-da-virgem-flats-ID1iAnK,null
cabed8ce-929e-4f65-a9c0-f06cc2352358,19206094,Apartamento T1 | Varanda | Condomínio Fechado | Piscina | Ginásio,https://www.imovirtual.com/pt/anuncio/apartamento-t1-varanda-condominio-fechado-piscina-ginasio-ID1iAnI,null
910a085b-b8d1-4709-a0de-54a60bd0b221,19199216,Apartamento T1 com Varanda a 2 Minutos da Praia de Canidelo,https://www.imovirtual.com/pt/anuncio/apartamento-t1-com-varanda-a-2-minutos-da-praia-de-canidelo-ID1iyAM,null
a6d1d2d4-6171-4963-a1f5-bf9bc676e91b,19062103,Apartamento T2+1 vista Mar e Rio,https://www.imovirtual.com/pt/anuncio/apartamento-t2-1-vista-mar-e-rio-ID1hYWh,null
6c35bd0a-3e65-468d-942b-ded06ea76900,18848182,Apartamento T3,https://www.imovirtual.com/pt/anuncio/apartamento-t3-ID1h5gV,null
3784cfd3-7436-4c47-b025-6a4368e9deb0,19119001,T5 junto Metro Trindade Porto | T5 para Remodelar Santo Ildefonso,https://www.imovirtual.com/pt/anuncio/t5-junto-metro-trindade-porto-t5-para-remodelar-santo-ildefonso-ID1idIZ,null
8a0794ae-768d-43d3-bfa5-75257b757922,19206089,Apartamento T0 Novo convertido em T1 em Leça da Palmeira,https://www.imovirtual.com/pt/anuncio/apartamento-t0-novo-convertido-em-t1-em-leca-da-palmeira-ID1iAnD,null
0b54e4d3-0a30-4d8e-984d-32567cdcc1aa,19000799,T3 Varanda Vista Mar em Arcozelo | T3 Granja | T3 Vila Nova Gaia,https://www.imovirtual.com/pt/anuncio/t3-varanda-vista-mar-em-arcozelo-t3-granja-t3-vila-nova-gaia-ID1hIYw,null
4204141f-4960-4d4b-94fd-5a168704ba18,19206087,Apartamento T3 em Arroios,https://www.imovirtual.com/pt/anuncio/apartamento-t3-em-arroios-ID1iAnB,null
659d32c6-6b22-4b96-a6cb-91604aecffc9,18686957,T2 Novo no Edifício Varandas do Pinheiro II,https://www.imovirtual.com/pt/anuncio/t2-novo-no-edificio-varandas-do-pinheiro-ii-ID1gpkx,null
49a25200-a999-4984-8154-5c7fc97bde27,18875350,T3 +1 Duplex NOVO no Empreendimento Varandas do Pinheiro,https://www.imovirtual.com/pt/anuncio/t3-1-duplex-novo-no-empreendimento-varandas-do-pinheiro-ID1hcl8,null
ca1a6c86-58ef-4f12-9223-48d252c385a0,18980963,T1 Duplex com Terraço Novo na Rua do Bonjardim,https://www.imovirtual.com/pt/anuncio/t1-duplex-com-terraco-novo-na-rua-do-bonjardim-ID1hDOz,null
a22f1037-c7dd-4954-abc4-f094cc12dd64,19190894,T1 Novo com varanda I 8ºandar I Venda I Ramalde I Porto,https://www.imovirtual.com/pt/anuncio/t1-novo-com-varanda-i-8andar-i-venda-i-ramalde-i-porto-ID1ivqy,null
71e574ab-96e6-4152-a827-2a4305848f70,18834844,"Apartamento T4 com 3 lugares de parqueamento e arrumos, em Canidelo.",https://www.imovirtual.com/pt/anuncio/apartamento-t4-com-3-lugares-de-parqueamento-e-arrumos-em-canidelo-ID1h1NO,null
a61cf8be-31d5-4e93-9a73-e0bbd5964986,18461700,Apartamento T2 Duplex Novo com Entradas Independentes Para poder renta,https://www.imovirtual.com/pt/anuncio/apartamento-t2-duplex-novo-com-entradas-independentes-para-poder-renta-ID1fsJm,null
62adddaa-b5eb-48d4-9b57-ce0e6212710e,18201566,APARTAMENTO T2- OLHÃO - FARO,https://www.imovirtual.com/pt/anuncio/apartamento-t2-olhao-faro-ID1en3E,null
1a5be85f-bf07-4594-a870-cfd74667292c,19157606,"Apartamento T2 no Horizon Ocean Gardens, Quarteira, Algarve",https://www.imovirtual.com/pt/anuncio/apartamento-t2-no-horizon-ocean-gardens-quarteira-algarve-ID1inLE,null
f2d80172-3b87-420d-bb31-c248fe1869a5,19165723,T2 na Zona Histórica da Lousã,https://www.imovirtual.com/pt/anuncio/t2-na-zona-historica-da-lousa-ID1ipSz,null
b0ca38e2-36ce-4d00-8cd0-c5357152e0e9,18920132,APARTAMENTO T2 - CALÇADA DOS MESTRES,https://www.imovirtual.com/pt/anuncio/apartamento-t2-calcada-dos-mestres-ID1hnZq,null
bfb4307a-d8f9-465c-a3cc-56cbf72b7bd4,19164807,Apartamento T2 para venda,https://www.imovirtual.com/pt/anuncio/apartamento-t2-para-venda-ID1ipDN,null
931f47de-3c11-458d-8861-011121d42dbd,19206928,Apartamento T3 em Ermesinde com varanda e garagem,https://www.imovirtual.com/pt/anuncio/apartamento-t3-em-ermesinde-com-varanda-e-garagem-ID1iABa,null
51ed6961-086c-47b3-bff1-0edff7dc3a15,19172255,Apartamento T3 para venda,https://www.imovirtual.com/pt/anuncio/apartamento-t3-para-venda-ID1irzW,null
62395e86-2a73-4077-9eb6-7f1f2ee78e2c,18919712,Excelente Apartamento T3 Novo Vista Rio ao lado do Centro Comercial Fó,https://www.imovirtual.com/pt/anuncio/excelente-apartamento-t3-novo-vista-rio-ao-lado-do-centro-comercial-fo-ID1hnSE,null
85e4cf33-e18f-4b4e-8d5f-b3df941adcf0,19164804,Apartamento T2 para venda,https://www.imovirtual.com/pt/anuncio/apartamento-t2-para-venda-ID1ipDK,null
02f9a15e-bc82-488d-9fd4-28e4e450b93e,18260709,"Apartamento T3 duplex inserido em condomínio, Oeiras",https://www.imovirtual.com/pt/anuncio/apartamento-t3-duplex-inserido-em-condominio-oeiras-ID1eCrz,null
e36b70f6-5058-4b90-84fe-c78dc2504fad,18744937,Apartamento T3 Oliveira de Azeméis 1º- L,https://www.imovirtual.com/pt/anuncio/apartamento-t3-oliveira-de-azemeis-1-l-ID1gEpH,null
e60ca782-968a-48d4-8689-ca380fdbd03f,19139374,"Apartamento T1 no condomínio One Vilamoura, no Algarve",https://www.imovirtual.com/pt/anuncio/apartamento-t1-no-condominio-one-vilamoura-no-algarve-ID1ij1A,null
0317f270-43b4-469d-baba-0749627b5bb3,19198858,"Apartamento T1 com Garagem Fechada e Arrumos | Vergada, Mozelos",https://www.imovirtual.com/pt/anuncio/apartamento-t1-com-garagem-fechada-e-arrumos-vergada-mozelos-ID1iyw0,null
5cca2972-454c-49ba-91ae-1284b68fe624,18521525,Apartamento T3 Duplex,https://www.imovirtual.com/pt/anuncio/apartamento-t3-duplex-ID1fIih,null
80d860ed-f2c6-4118-a749-d41b6e49f8db,18988021,"APARTAMENTO T2 - TRAVESSA DAS MÓNICAS, LISBOA",https://www.imovirtual.com/pt/anuncio/apartamento-t2-travessa-das-monicas-lisboa-ID1hFEp,null
983883c7-60bc-4d92-90e1-b6c335bd1032,19119529,"Apartamento T2 no centro do Chiado, em Lisboa",https://www.imovirtual.com/pt/anuncio/apartamento-t2-no-centro-do-chiado-em-lisboa-ID1idRw,null
8f9d00d7-8922-4d8f-b4e7-ff4354d8c1f9,18907787,"T2 em Oeiras, mto Central e bem servido de Transportes e Serviços",https://www.imovirtual.com/pt/anuncio/t2-em-oeiras-mto-central-e-bem-servido-de-transportes-e-servicos-ID1hkMj,null
d70ae9e7-6ddc-45e3-91a3-6691cae1b8a3,19013396,"Apartamento T4, penthouse, com terraço, Linda-a-Velha, Lisboa",https://www.imovirtual.com/pt/anuncio/apartamento-t4-penthouse-com-terraco-linda-a-velha-lisboa-ID1hMfG,null
3e32b6bc-31ce-4485-aa63-a59508b6bf0a,16526983,Prédio zona histórica Miranda do Douro,https://www.imovirtual.com/pt/anuncio/predio-zona-historica-miranda-do-douro-ID17lqf,null
ae2d4a1e-9ab6-4cd0-83f0-460c4ce5a739,19054675,"APARTAMENTO DUPLEX T3 - COSTA DA CAPARICA, 300 M DA PRAIA",https://www.imovirtual.com/pt/anuncio/apartamento-duplex-t3-costa-da-caparica-300-m-da-praia-ID1hVZt,null
84dff1a3-9193-4cc8-8a2c-c5f1fd4854d5,19164774,Apartamento T2 para venda,https://www.imovirtual.com/pt/anuncio/apartamento-t2-para-venda-ID1ipDg,null
6eb99e5d-0eff-4e77-b6cb-784735f326de,19201331,Apartamento T3 de Luxo em Canidelo - Vila Nova de Gaia,https://www.imovirtual.com/pt/anuncio/apartamento-t3-de-luxo-em-canidelo-vila-nova-de-gaia-ID1iz8T,null
3467aca6-966c-478a-9735-99a146ceab10,19120168,Apartamento T3 com garagem junto ao centro,https://www.imovirtual.com/pt/anuncio/apartamento-t3-com-garagem-junto-ao-centro-ID1ie1O,null
95d534cc-f864-4f5b-acf7-8a47f7eb5066,18986167,Oferta da escritura de compra e venda. T3 em Construção | Design Mo...,https://www.imovirtual.com/pt/anuncio/oferta-da-escritura-de-compra-e-venda-t3-em-construcao-design-mo-ID1hFaw,null
ccc373da-c31f-41ac-a3e0-e6b87087b576,18615520,Apartamento T3 com Piscina e Jacuzzi em Sesimbra,https://www.imovirtual.com/pt/anuncio/apartamento-t3-com-piscina-e-jacuzzi-em-sesimbra-ID1g6Kk,null
cb5994f4-d13f-4859-a280-ee59f01832b1,18714208,SESIMBRA - Apartamento T2 TOTALMENTE REMODELADO,https://www.imovirtual.com/pt/anuncio/sesimbra-apartamento-t2-totalmente-remodelado-ID1gvq4,null
4f03f7d4-37c9-4f2a-9dcd-e3f2ba0293ae,19189956,"Apartamento T3 usado Glicínias, Aveiro, com lugar de garagem",https://www.imovirtual.com/pt/anuncio/apartamento-t3-usado-glicinias-aveiro-com-lugar-de-garagem-ID1ivbq,null
42a614ba-26ce-49e7-9490-7ad4136ee07d,19182914,Apartamento T3 Serra da Helena - 273 m2 - Casal de Cambra,https://www.imovirtual.com/pt/anuncio/apartamento-t3-serra-da-helena-273-m2-casal-de-cambra-ID1iulQ,null
9dbae55e-9f71-46ad-a2ad-f09266b2750d,19207604,Apartamento T3 Centro de Ourém - Prédio com elevador,https://www.imovirtual.com/pt/anuncio/apartamento-t3-centro-de-ourem-predio-com-elevador-ID1iAM4,null
d357a535-3124-4acf-89e6-903cdb6ca6da,19207603,Penthouse T3 para venda – Al-Sakia Village | Quarteira,https://www.imovirtual.com/pt/anuncio/penthouse-t3-para-venda-al-sakia-village-quarteira-ID1iAM3,null
76cf38e4-63fc-4002-89e6-c0a0e76fa1e0,19207602,Apartamento T3 com Vista Deslumbrante no Coração de Vila Nova de Gaia,https://www.imovirtual.com/pt/anuncio/apartamento-t3-com-vista-deslumbrante-no-coracao-de-vila-nova-de-gaia-ID1iAM2,null
3df37ae8-18c3-49a1-af95-86a892c66e92,19082600,Duplex Novo c/ Vista Panorâmica | Melhor Preço | Astro Sul,https://www.imovirtual.com/pt/anuncio/duplex-novo-c-vista-panoramica-melhor-preco-astro-sul-ID1i4fS,null
f24d7492-1c3b-47b3-b9d1-9e9ccd54467b,19108787,Apartamento T3 de Luxo Localização Premium Lourosa,https://www.imovirtual.com/pt/anuncio/apartamento-t3-de-luxo-localizacao-premium-lourosa-ID1ib4f,null
2bd5dbb9-da93-4a23-8073-e3f9a6d2f431,18881721,"Apartamento T4 com Vista Rio no Alto do Restelo, Belém – 262 m²",https://www.imovirtual.com/pt/anuncio/apartamento-t4-com-vista-rio-no-alto-do-restelo-belem-262-m-ID1hdZT,null
e6372936-21bb-4c59-9890-ef291c9962e3,19207595,T1+1 Matosinhos,https://www.imovirtual.com/pt/anuncio/t1-1-matosinhos-ID1iALW,null
f03c1e59-3687-4154-964b-45fb57b4f01a,19193078,Apartamento T0 na Madalena - Próximo da Praia,https://www.imovirtual.com/pt/anuncio/apartamento-t0-na-madalena-proximo-da-praia-ID1ivZM,null
6f455559-9539-4cb4-92f9-734192ebce5f,19157466,T4 • 140 m² • Varandas + Terraço • Rua Olivença – Amadora,https://www.imovirtual.com/pt/anuncio/t4-140-m-varandas-terraco-rua-olivenca-amadora-ID1inJo,null
aa519b3a-1724-4a73-9cb4-3c6e10fb4d7e,19193088,Apartamento T1+1  na Madalena - Próximo da Praia,https://www.imovirtual.com/pt/anuncio/apartamento-t1-1-na-madalena-proximo-da-praia-ID1ivZV,null
0a49ac3b-9b97-40f9-9e71-9fb45d04f569,19174894,"T3 Duplex-Alfragide - Lareira, 3 Casas de Banho, Dispensa e Lavandaria",https://www.imovirtual.com/pt/anuncio/t3-duplex-alfragide-lareira-3-casas-de-banho-dispensa-e-lavandaria-ID1isgu,null
e04c8357-8496-4dae-8639-a0b6c711ff87,19193081,Apartamento T2 na Madalena - Próximo da Praia,https://www.imovirtual.com/pt/anuncio/apartamento-t2-na-madalena-proximo-da-praia-ID1ivZP,null
c1fff3d7-4cfd-4cf9-9104-3b1cff90c285,19155836,T3 Laranjeiras,https://www.imovirtual.com/pt/anuncio/t3-laranjeiras-ID1inj6,null
25ee8ece-3401-4778-bd4e-5c9a4390b5d8,19207593,Apartamento T2 em Cabanas de Tavira,https://www.imovirtual.com/pt/anuncio/apartamento-t2-em-cabanas-de-tavira-ID1iALT,null
86b43e7a-9b57-4e97-a180-c7fc6e615110,19207592,T1+1 Totalmente Remodelado com Varanda e Marquise | Pronto a Habitar |,https://www.imovirtual.com/pt/anuncio/t1-1-totalmente-remodelado-com-varanda-e-marquise-pronto-a-habitar-ID1iALS,null
3248052c-7de4-4dd5-915f-ba0c8f0779e7,19180526,T2 RECENTE com GARAGEM 40 m2 e arrecadação individual no Casal do M...,https://www.imovirtual.com/pt/anuncio/t2-recente-com-garagem-40-m2-e-arrecadacao-individual-no-casal-do-m-ID1itJk,null
10910288-ad48-4758-aa40-3503527812de,19207587,Apartamento T4 novo no Lumiar,https://www.imovirtual.com/pt/anuncio/apartamento-t4-novo-no-lumiar-ID1iALN,null
490c90bb-a874-4d36-ba2d-1fbf5d3de90b,19207586,Apartamento T1+1 Vizela,https://www.imovirtual.com/pt/anuncio/apartamento-t1-1-vizela-ID1iALM,null
5d3ee6f5-3364-4e8e-b9e4-1ee5f110a008,19093454,Apartamento T2 para venda,https://www.imovirtual.com/pt/anuncio/apartamento-t2-para-venda-ID1i74V,null
71d3d764-cdda-4a25-a355-138f813baf91,19150359,Duplex T3 para venda,https://www.imovirtual.com/pt/anuncio/duplex-t3-para-venda-ID1ilSL,null
a5b1bba9-76ad-46e2-b3b6-83214d42ecf2,19203385,Duplex T3 para venda,https://www.imovirtual.com/pt/anuncio/duplex-t3-para-venda-ID1izG1,null
6c18e5cc-18d2-402f-944f-0bad8af22956,19020873,Apartamento na Praia da Rocha,https://www.imovirtual.com/pt/anuncio/apartamento-na-praia-da-rocha-ID1hOch,null
352a4aa9-e079-44a0-97f7-c1f5f8e2a11c,19144566,Apartamento T2 em excelente estado! Garagem fechada,https://www.imovirtual.com/pt/anuncio/apartamento-t2-em-excelente-estado-garagem-fechada-ID1iknk,null
300a21f4-7175-418c-b485-3a666bde846c,19186411,T1 C/ Varanda | Matosinhos Sul | 500 m da Praia,https://www.imovirtual.com/pt/anuncio/t1-c-varanda-matosinhos-sul-500-m-da-praia-ID1iwgf,null
fe024383-f71a-414a-9ee0-951c0219c854,19183664,T2 RECENTE com elevador com 90 m2 e Arrecadação na Cave no Fogueteiro!,https://www.imovirtual.com/pt/anuncio/t2-recente-com-elevador-com-90-m2-e-arrecadacao-na-cave-no-fogueteiro-ID1iuxV,null
658e2dbe-d569-4988-b12c-a0fe440a367b,19187839,Apartamento t1 com lugar de garagem em O. Azeméis,https://www.imovirtual.com/pt/anuncio/apartamento-t1-com-lugar-de-garagem-em-o-azemeis-ID1iwDh,null
d8d7257b-784e-41d2-8e6a-9005845ead94,19186418,T1 Duplex | Matosinhos Sul | 500 m da Praia,https://www.imovirtual.com/pt/anuncio/t1-duplex-matosinhos-sul-500-m-da-praia-ID1iwgm,null
26b2247e-0d4c-431a-af6e-df8a39952b7f,19195586,T0 em plena Av. da República | Junto ao metro da Câmara de Gaia,https://www.imovirtual.com/pt/anuncio/t0-em-plena-av-da-republica-junto-ao-metro-da-camara-de-gaia-ID1ixEe,null
8b3a3658-4adc-4149-9723-8ef305488160,19189507,Apartamento T4 Duplex Remodelado no Lumiar!,https://www.imovirtual.com/pt/anuncio/apartamento-t4-duplex-remodelado-no-lumiar-ID1iv4b,null
85e2f966-ad98-4fbc-a33b-c9bee2fc3e95,19198557,"Oportunidade Imperdível, T3 Gondomar, condomínio Privado. Junto  Metro",https://www.imovirtual.com/pt/anuncio/oportunidade-imperdivel-t3-gondomar-condominio-privado-junto-metro-ID1iyq9,null
607cfcd2-b83f-4b66-ba5f-0ff7046a99e2,19186390,T1 Empreendimento Central Park - Matosinhos Sul - NOVO,https://www.imovirtual.com/pt/anuncio/t1-empreendimento-central-park-matosinhos-sul-novo-ID1iwfU,null
20ff88de-9fc6-4970-8b30-bd0b650f4bc1,19207566,Apartamento T3 remodelado junto ao Dufa em Setúbal,https://www.imovirtual.com/pt/anuncio/apartamento-t3-remodelado-junto-ao-dufa-em-setubal-ID1iALs,null
01849f29-ae31-42a0-a44c-44ae4d9803ae,91861552000067,Apartamento T3 com Piscina e Jacuzzi em Sesimbra,https://www.imovirtual.com/hpr/pt/anuncio/apartamento-t3-com-piscina-e-jacuzzi-em-sesimbra-ID1g6Kk,null
8a76ec14-c566-462f-b953-0dcaba4da23e,19207618,"T3 no Laranjeiro, Almada | Excelente Localização e Vista Desafogada",https://www.imovirtual.com/pt/anuncio/t3-no-laranjeiro-almada-excelente-localizacao-e-vista-desafogada-ID1iAMi,null
3fad41b8-0006-4da5-a18b-dfb7e7e2fa21,19168626,"Apartamento T2 - Santa Maria Maior, Viana do Castelo",https://www.imovirtual.com/pt/anuncio/apartamento-t2-santa-maria-maior-viana-do-castelo-ID1iqDo,null
e2115d1e-ca16-416c-bb4c-4cb42fb1c1d7,19207612,T3 Renovado - Com Terraço - Próx. da Estação de Comboios de Rio Tinto,https://www.imovirtual.com/pt/anuncio/t3-renovado-com-terraco-prox-da-estacao-de-comboios-de-rio-tinto-ID1iAMc,null
acbe9c35-c046-4504-83d9-deb543521372,19207611,Apartamento T3 em Canelas (750m do Intermarché),https://www.imovirtual.com/pt/anuncio/apartamento-t3-em-canelas-750m-do-intermarche-ID1iAMb,null
9b0d4061-0c2f-49ff-9f9b-9d90a8c8ee29,17911819,Prédio remodelado para venda numa das principais entradas de Tomar.,https://www.imovirtual.com/pt/anuncio/predio-remodelado-para-venda-numa-das-principais-entradas-de-tomar-ID1d9Gj,null
baa8e985-f62f-49d9-852b-55304fd7aa3d,18825638,Apartamento T2 com Varanda e Vista em Viana do Castelo,https://www.imovirtual.com/pt/anuncio/apartamento-t2-com-varanda-e-vista-em-viana-do-castelo-ID1gZpk,null
09ac39bb-722a-4133-a50f-78fd5c0cf535,18892967,Para venda: apartamento de charme no Príncipe Real,https://www.imovirtual.com/pt/anuncio/para-venda-apartamento-de-charme-no-principe-real-ID1hgWh,null
486b3d5e-4862-45d1-85fc-c81410fcabeb,19167669,Charmoso Apartamento Duplex  com Varanda em Alfama,https://www.imovirtual.com/pt/anuncio/charmoso-apartamento-duplex-com-varanda-em-alfama-ID1iqnX,null
cbd84711-3cd6-4cf4-b56b-dc0a5e98dc59,19201495,"T2 em Leiria, com varandas e jardim privativo",https://www.imovirtual.com/pt/anuncio/t2-em-leiria-com-varandas-e-jardim-privativo-ID1izbx,null
